NodeId,Scalar,CriticalType
0,0.6441672934466784,0
1,0.8456499909340117,0
2,0.65110116288321,0
3,0.6353797797942071,0
4,0.8726088672609353,0
5,0.6263673956235576,0
6,0.6284960112540617,0
7,0.6392999266816184,0
8,0.629428038959001,0
9,0.6171648848649289,0
13,0.9821766970169143,1
22,1.5733603526820474,1
26,1.693148036740776,1
30,2.177041917685419,1
31,2.2949503415077923,1
34,1.6789197802876774,1
35,39.84752886772156,3
43,2.5719385175593197,1
46,1.1782189807493204,1
54,2.293852010321986,1
