Loss,SegmentationId
0.6441672934466784,0
0.8456499909340117,1
0.65110116288321,2
0.6353797797942071,3
0.8726088672609353,4
9.670753393442974,8
11.081336111258715,8
10.60265080915764,8
0.9821766970169143,5
3.2626406123675404,6
4.55094056179747,8
7.945078456509719,8
6.253905705939887,8
4.673542352720167,8
1.6789197802876774,7
