Loss,SegmentationId
0.004979682436311211,0
0.0034801871202968277,1
0.008652932080179143,2
0.006271368574068963,3
0.004480246535353288,4
0.7935217556123334,7
0.5775704172316403,5
0.6344980158996634,6
1.7855860024737193,8
1.3743335483130068,7
0.7707081693747755,7
2.8319074843863943,8
1.1871425433002878,7
1.6244781441660598,8
1.8109279143280497,8
