NodeId,Scalar,CriticalType
0,0.6441672934466784,0
1,0.8456499909340117,0
2,0.65110116288321,0
3,0.6353797797942071,0
4,0.8726088672609353,0
5,0.6263673956235576,0
6,0.6284960112540617,0
7,0.6392999266816184,0
8,0.629428038959001,0
9,0.6171648848649289,0
11,11.081334572471679,3
13,0.9821771279212431,1
14,1.9809402026435208,1
24,2.4584879273641853,1
26,1.5246345406904624,1
30,2.176313190795481,1
34,2.2962523752798636,1
41,2.1751687817966956,1
46,1.159947828313486,1
54,2.2938524898506665,1
