Loss,SegmentationId
0.004979682436311211,0
0.0034801871202968277,1
0.008652932080179143,2
0.006271368574068963,3
0.004480246535353288,4
0.7935390548541932,7
0.5775719287780742,5
0.6344978953879774,6
1.785592489936389,8
1.381098700063303,7
0.7707142228050365,7
2.8319083874316875,8
1.187149394727312,7
1.6244882998452521,8
1.8214362520140717,8
