NodeId,Scalar,CriticalType
0,0.004979682436311211,0
1,0.0034801871202968277,0
2,0.008652932080179143,0
3,0.006271368574068963,0
4,0.004480246535353288,0
6,0.5775719287780742,1
7,0.6344978953879774,1
10,0.7707142228050365,1
11,2.8319083874316875,3
13,1.6244882998452521,1
