Loss,SegmentationId
0.6441672934466784,0
0.8456499909340117,1
0.65110116288321,2
0.6353797797942071,3
0.8726088672609353,4
10.286507422246904,7
11.081334572471679,7
11.076351230628788,7
0.9821771279212431,5
5.373067141249776,7
4.404344622213394,7
7.945081768097216,7
6.8025838323390095,7
2.5239565641120816,6
2.2962523752798636,8
