NodeId,Scalar,CriticalType
0,0.6441672934466784,0
1,0.8456499909340117,0
2,0.65110116288321,0
3,0.6353797797942071,0
4,0.8726088672609353,0
6,11.081336111258715,3
8,0.9821766970169143,1
9,3.2626406123675404,1
10,4.55094056179747,1
14,1.6789197802876774,1
