NodeId,Scalar,CriticalType
0,0.6441672934466784,0
1,0.8456499909340117,0
2,0.65110116288321,0
3,0.6353797797942071,0
4,0.8726088672609353,0
6,11.081334572471679,3
8,0.9821771279212431,1
10,4.404344622213394,1
13,2.5239565641120816,1
14,2.2962523752798636,1
